,Title,URL,Thumbnail,Channel,Description
0,Chapter 3 No Way Home,https://www.youtube.com/watch?v=-Y6K7F58ee0,https://i.ytimg.com/vi/-Y6K7F58ee0/hqdefault.jpg?sqp=-oaymwEcCPYBEIoBSFXyq4qpAw4IARUAAIhCGAFwAcABBg==&rs=AOn4CLDFmz2pbCoEPxmLBZ3r_YNTLheV0A,Ceeday,Chapter 3 No Way Home https://www.instagram.com/ceeday98/?hl=en Please use my support a creator code: Ceedayy https://www.youtube.com/watch?v=-QxmD6ISXXU Song: RageSound - Vortex (No Copyright...
1,Nardwuar vs. J. Cole (2021),https://www.youtube.com/watch?v=GxVXEd_G_60,https://i.ytimg.com/vi/GxVXEd_G_60/hqdefault.jpg?sqp=-oaymwEcCPYBEIoBSFXyq4qpAw4IARUAAIhCGAFwAcABBg==&rs=AOn4CLD5jYEWslLlhZ_1si8ke9aWwJxbNA,NardwuarServiette,"Nardwuar interviews J. Cole on December 9, 2021 in Santa Monica, CA USA ! Doot doo ! https://www.twitch.tv/nardwuarserviette Nardwuar Twitter: http://www.twitter.com/nardwuar Nardwuar..."
2,I GOT MY BOYFRIEND THE BEST CHRISTMAS PRESENT EVER!! **HELLCAT REDEYE**,https://www.youtube.com/watch?v=LQyK1pHQhqA,https://i.ytimg.com/vi/LQyK1pHQhqA/hqdefault.jpg?sqp=-oaymwEcCPYBEIoBSFXyq4qpAw4IARUAAIhCGAFwAcABBg==&rs=AOn4CLDndV1e8_-NgHnlr5vIKvCU6BQgbg,GnB Vids,"Hope you guys enjoyed the video! ‚ù§Ô∏è Merry Christmas to everyone, we love you all so so much!! Comment down below if you guys are G or B Team! Also Subscribe if you're new! Give this video..."
3,so Snoop Dogg sent me this..,https://www.youtube.com/shorts/AoDtj4uZbR4,,Davie504,#shorts
4,James Webb Space Telescope Launch ‚Äî Official NASA Broadcast,https://www.youtube.com/watch?v=7nT7JGZMbtM,,NASA,"Watch the launch of the James Webb Space Telescope‚Äîthe most powerful space telescope ever made. This mission launched at 7:20 a.m. EST (12:20 UTC), Dec. 25, 2021, aboard an Ariane 5 rocket..."
5,THE CRAZIEST FAMILY CHRISTMAS GIFTS OPENING EVER!!,https://www.youtube.com/watch?v=NCvnC5GhSdA,,FaZe Rug,"MERRY CHRISTMAS FROM MY FAMILY TO YOU! I hope you all have an amazing & blessed Christmas, and if you don't celebrate Christmas, hope you're having a great day! üî¥ SUBSCRIBE FOR LIT VIDEOS..."
6,Becoming a good person speedrun (13.31 seconds),https://www.youtube.com/shorts/FpEnlaGbGFU,,I am MoBo,It's Christmas and you need to be good to get presents. So this is what you do. Subscribe and like for more skits #shorts All My Links: https://linktr.ee/mobowl Socials: Tiktok: https://www.tikt...
7,"DDG'S $100,000 CHRISTMAS GOT RUINED!! MY FAMILY STARTED FIGHTING!! (NOT CLICKBAIT)",https://www.youtube.com/watch?v=FWMo8AKbx4M,,PontiacMadeDDG VLOGS,LOL follow me on instagram @PontiacMadeDDG
8,DDG - Fairly Odd Parents ‚ÄúFreestyle‚Äù (Official Video),https://www.youtube.com/watch?v=yGp9frozacw,,Zooted Music,DDG - Fairly Odd Parents (Official Music Video) Follow me on Instagram: @PontiacMadeDDG Shot by @LewisYouNasty Produced By @TreOnTheBeat Yuh
9,When u ask for extra cheese üòÇ,https://www.youtube.com/shorts/ti-EppKRtJs,,Adam W,"Subscribe Here for new #shorts: https://www.youtube.com/channel/UC_k6... THANKS FOR WATCHING!! LIKE, COMMENT, AND SUBSCRIBE FOR MORE VIDS! --------------------------------------------------------..."
10,2HYPE SECRET SANTA #3!,https://www.youtube.com/watch?v=aW5rbc10gwU,,2HYPE,‚òÖFollow us on Socials!‚òÖ ‚óèInstagram https://www.instagram.com/2hypehouse/ ‚óèTwitter https://twitter.com/official2HYPE ‚≠ê 2HYPE Merch ‚≠ê ‚óè https://2hype.com ‚òÖ2HYPE MEMBERS‚òÖ ‚óè...
11,The worst thing that happened on tour,https://www.youtube.com/watch?v=C5e5eJCndaE,,Emirichu,Check out GamerSupps!: http://gamersupps.gg/discount/Emirichu?afmc=Emirichu UPDATE: all 5000 codes have been used!!! the code will now give you 10% off your purchase instead of free shipping!...
12,CHRISTMAS MORNING OPENING PRESENTS 2021 | SISTER FOREVER,https://www.youtube.com/watch?v=w6avHxnUIek,,Sister forever,#chrismtmaspresents CHRISTMAS MORNING OPENING PRESENTS 2021 Social Media Instagram: @yailensr @sisterforever2016 Tiktok :@yailenysr
13,"THE SIMPSONS, BAD BUNNY - TE DESEO LO MEJOR (Official Video)",https://www.youtube.com/watch?v=m3xFuFPxOnw,,Bad Bunny,"THE SIMPSONS, BAD BUNNY -TE DESEO LO MEJOR Trilogy Box Set - https://www.badbunnytrilogy.com/ https://elultimotourdelmundo.com/ Merch: https://shop.elultimotourdelmundo.com/ Subscribe to..."
14,Turning $0.01 Into a House in 1 Week - Day 2,https://www.youtube.com/watch?v=Ge96ORjwsic,,Ryan Trahan,penny ‚Üí truck??? plz plz plz sign up for shopify ‚Üí https://shopify.com/ryantrahan
15,Fake Punt Return for a Christmas Gift,https://www.youtube.com/watch?v=HPlWa6Ue7rA,,NFL,A rare special teams fake out leads to a giant kick return for the Cardinals. The Indianapolis Colts take on the Arizona Cardinals during Week 16 of the 2021 NFL season. Subscribe to NFL:...
16,The Banks Family Christmas!,https://www.youtube.com/watch?v=4LbP500OIe0,,Desi Banks,"Desi Banks Presents a short film around his characters for this great Christmas holiday! Merry Christmas from BSimone Reginae Carter, Candace B Harris, Desi Banks, Alton Walker, Shuler King!..."
17,When u ask for the bathroom code üòÇ,https://www.youtube.com/shorts/OUCRVxzD3a8,,Adam W,"Subscribe Here for new #shorts: https://www.youtube.com/channel/UC_k6... THANKS FOR WATCHING!! LIKE, COMMENT, AND SUBSCRIBE FOR MORE VIDS! --------------------------------------------------------..."
18,ÌÅ¨Î¶¨Ïä§ÎßàÏä§ Ïò§ÌîÑÎãù Ïä§ÌéòÏÖú Î¨¥ÎåÄ ‚ÄòAll I Want for Christmas Is You‚ô¨‚Äô„Ö£2021 SBS Í∞ÄÏöîÎåÄÏ†Ñ(2021sbsgayo)„Ö£SBS ENTER.,https://www.youtube.com/watch?v=cZ8QC64Yytk,,SBS Entertainment,2021 SBS Í∞ÄÏöîÎåÄÏ†Ñ SBS ÏòàÎä• ‚Äò2021 SBS Í∞ÄÏöîÎåÄÏ†Ñ(2021sbsgayo)‚Äô ‚òû 12Ïõî 25Ïùº Ïò§ÌõÑ 6Ïãú Î≥∏ Î∞©ÏÜ° #2021SBSÍ∞ÄÏöîÎåÄÏ†Ñ #ÌÅ¨Î¶¨Ïä§ÎßàÏä§ #Ïò§ÌîÑÎãùÎ¨¥ÎåÄ ‚ñ∂ Hompage : https://www....
19,The Great British Fake Off | Quick D,https://www.youtube.com/watch?v=2OEwbocwYF8,,Captain Disillusion,Please consider supporting my work on http://www.patreon.com/CaptainDisillusion Captain Disillusion investigates a case of trademark-based VFX shenanigans.
20,I Almost Became An Amputee,https://www.youtube.com/watch?v=wG1Q1ouemVA,,Technoblade,Technoblade Makes Cancer 1000% Funnier BUY MY MERCHANDISE: https://technoblade.com/ -------------------------------- become a CHANNEL MEMBER here: https://www.youtube.com/channel/UCFAiFyGs6oDiF1Nf-...
21,"The Duchess of Cambridge & Tom Walker - 'For Those Who Can't Be Here' @ Westminster Abbey, 2021",https://www.youtube.com/watch?v=yw95R0Vl4_c,,The Duke and Duchess of Cambridge,Watch The Duchess of Cambridge and Tom Walker perform 'For Those Who Can't Be Here' at Westminster Abbey for Royal Carols: Together At Christmas. The performance took place in The Chapter...
22,Colts vs. Cardinals Week 16 Highlights | NFL 2021,https://www.youtube.com/watch?v=3fNVK9mo-mY,,NFL,The Indianapolis Colts take on the Arizona Cardinals during Week 16 of the 2021 NFL season. Subscribe to NFL: http://j.mp/1L0bVBu Check out our other channels: Para m√°s contenido de la NFL...
23,WE GAVE BROOKLYN THE ONLY GIFT SHE WANTED FOR CHRISTMAS‚Ä¶. JUSTIN *she cried*,https://www.youtube.com/watch?v=D86wV2iqWgg,,Monique Carrillo,
24,"I Spent $15,000 On Presents This Christmas & My Family Reactions Was Worth Every Penny",https://www.youtube.com/watch?v=W29-VuiyX3A,,DuB Family,Its NO REASON why you aint hit that subscribe BUTTON do it NOW !!! Instagram - NotQuiteLikeDuB__ . . . Twitch : NotQuiteLikeDuB Twitter : AllDubsNoLs . . . SnapChat : NotQuiteLikeDuB . ....
25,The Queen's 2021 Christmas Speech,https://www.youtube.com/watch?v=T3ACe_3eKnw,,The Royal Family Channel,"'The Queen's 2021 Christmas Speech' In a rare personal speech, the Queen paid tribute to her late ""beloved"" husband Prince Philip in her annual Christmas message. #QueensSpeech #QueenElizabeth..."
26,Browns vs. Packers Week 16 Highlights | NFL 2021,https://www.youtube.com/watch?v=H_R3nVQ1WfI,,NFL,The Cleveland Browns take on the Green Bay Packers during Week 16 of the 2021 NFL season. Subscribe to NFL: http://j.mp/1L0bVBu Check out our other channels: Para m√°s contenido de la NFL...
27,"LAKERS at NETS | FULL GAME HIGHLIGHTS | December 25, 2021",https://www.youtube.com/watch?v=HrvXFFTds00,,NBA,"Stream More Live Games With NBA LEAGUE PASS: https://app.link.nba.com/e/subscribe_now Subscribe to the NBA: https://on.nba.com/2JX5gSN Led by James Harden‚Äôs 36 PTS, 10 REB, 10 AST and season-hi..."
28,AMP LOVE AND SLAMBALL,https://www.youtube.com/watch?v=nbHVE3doip4,,AMP,GET NEW AMP APPAREL HERE: https://amp.shop/ Join this channel to get access to perks: https://www.youtube.com/channel/UCJbYdyufHR-cxOuY96KIoqA/join AMP AMP AMP AMP üíú Join the AMP SQUAD...
29,"Jessica Darrow - Surface Pressure (From ""Encanto"")",https://www.youtube.com/watch?v=tQwVKr8rCYw,,DisneyMusicVEVO,"See Disney‚Äôs Encanto now streaming on Disney+ üïØÔ∏è‚ú®ü¶ã Walt Disney Animation Studios‚Äô ‚ÄúEncanto‚Äù tells the tale of an extraordinary family, the Madrigals, who live hidden in the..."
30,"WARRIORS at SUNS | FULL GAME HIGHLIGHTS | December 25, 2021",https://www.youtube.com/watch?v=-v-CQfXHiio,,NBA,"Stream More Live Games With NBA LEAGUE PASS: https://app.link.nba.com/e/subscribe_now Subscribe to the NBA: https://on.nba.com/2JX5gSN The Warriors defeated the Suns, 116-107. Stephen Curry..."
31,Sound Effecting Mom For ChristmasüéÑüìØ,https://www.youtube.com/shorts/SB9V9gnHGtA,,Peet Montzingo,rip christmas lmao #shorts
32,10 vs 1000 Player Manhunt!,https://www.youtube.com/watch?v=rdsXcS4guLQ,,MrBeast Gaming,Holiday Deal! Go to https://NordVPN.com/mrbeastgaming and use code MRBEASTGAMING to get a 2-year plan plus 1 additional month with a huge discount. SUBSCRIBE OR YOU'LL HAVE BAD LUCK New...
33,MERRY CHRISTMAS DAD!!,https://www.youtube.com/watch?v=RX1ZM0Ew2I4,,Roman Atwood Vlogs,Today I surprised Dad with a brand new 2022 Corvette for Christmas! Subscribe: http://bit.ly/SubToRoman Follow Roman Atwood: Twitter: https://twitter.com/romanatwood Instagram: https://instagra...
34,we broke up,https://www.youtube.com/watch?v=NYku77W0LlI,,Louie's Life,
35,"OFFLINETV 2021 $10,000 WHITE ELEPHANT ft. Ludwig",https://www.youtube.com/watch?v=OQUI4QLinZk,,OfflineTV,This is our annual excuse to spend money on stupid stuff... Huge thanks to Audible for helping make our annual White Elephant possible. Go visit https://audible.com/offlinetv or text offlinetv...
36,Surfer Killed in Shark Attack at Morro Bay Beach,https://www.youtube.com/watch?v=Ve_QLacYwuA,,NBC Bay Area,"A surfer was killed Friday morning after a shark attack in Morro Bay, authorities said. Stay connected: Follow us on Twitter: http://www.twitter.com/nbcbayarea Like us on Facebook: http://www.fa..."
37,HIDE & SEEK in Fortnite Chapter 3!,https://www.youtube.com/watch?v=el9Sv5JnM8k,,PWR,Today the PWR squad plays Hide & Seek in the new Fortnite Chapter 3 map! Check out the PWR365 Collection | https://PWR.supply Subscribe to PWR | https://bit.ly/PWRsubscribe PWR: ‚ù± Twitter...
38,Fireboy DML & Ed Sheeran - Peru (Official Video),https://www.youtube.com/watch?v=pekzpzNCNDQ,,Fireboy DML,"Listen to the single ""Peru"". Out 12/23! Stream: https://music.empi.re/perufireanded Peru Fireboy DML & Ed Sheeran Omoge no be so Girl you wan capture my soul Omoge no be so Make me wan..."
39,Why Honey Badgers Don't Fear God or Lions,https://www.youtube.com/watch?v=nWfeFrLl6LM,,Casual Geographic,"Download the world's first ant&insect themed simulation strategy game, THE ANTS: UNDERGROUND KINGDOM today! http://bit.ly/Ants-CasualGeo Brand-new Super Ants have just been released and the..."
40,SPOTEMGOTTEM ft. Tory Lanez - No Strings Attached (Official Video),https://www.youtube.com/watch?v=nftFUKNdVDQ,,SPOTEM GOTTEM,"Stream ""Back From The Dead"" Here: https://spotemgottem.lnk.to/Dead Follow SPOTEMGOTTEM: Instagram: https://www.instagram.com/spotemgotte... Twitter: https://twitter.com/spotemgottem?lang=en..."
41,Gordon Ramsay Returns for the Hot Ones Holiday Extravaganza | Hot Ones,https://www.youtube.com/watch?v=GJlNvSC5v6s,,First We Feast,"Happy holidays, Spice Lords! To say thank you to the fans and help raise money for our charity partner, Common Threads, the First We Feast team has been hard at work to bring you this special..."
42,LILI‚Äôs FILM - ‚ÄòMONEY‚Äô Dance Performance (Christmas Ver.) FOR BLINKS,https://www.youtube.com/watch?v=dYiyONyoW50,,Lilifilm Official,Listen to ‚ÄúMONEY‚Äù: https://lalisa.lnk.to/MONEY Purchase LISA‚Äôs album ‚ÄúLALISA‚Äù: https://en.ygselect.com #LISA #Î¶¨ÏÇ¨ #Lilifilm #MONEY #Performance_Video #BLACKPINK #Î∏îÎûôÌïëÌÅ¨
43,Rauw Alejandro - Hunter (Video Oficial),https://www.youtube.com/watch?v=1246blVYb4c,,RauwAlejandroTv,Rauw Alejandro Hunter (Video Oficial) Suscr√≠bete al canal: https://goo.gl/Cqxmma Sigue a Rauw: Instagram: https://www.instagram.com/rauwalejandro Facebook: https://www.facebook.com/rauwalejandro...
44,TWIN NURSERY MAKEOVER!,https://www.youtube.com/watch?v=Pxo2ogHCFkk,,Colleen Ballinger,Watch the video of Flynns Truck bedroom makeover! https://youtu.be/vH1BaTx69No Subscribe to Drew and Linda! - https://www.youtube.com/channel/UCAfJ5ZKZMyhGjK0w7FEDsfA Follow them on Socials!...
45,Living 24 Hours On a Private Jet,https://www.youtube.com/watch?v=E7aAaYAhSXk,,Preston,Living 24 Hours On a Private Jet with Preston üëä üëï MERCH - http://www.firemerch.com ‚ù§Ô∏è FRIENDS! ü°Ü ZHC - https://bit.ly/3jOmlic ü°Ü Ben Azelart - https://bit.ly/36W19S3 ü°Ü...
46,Marco Antonio Sol√≠s - Navidad Sin Ti 2021,https://www.youtube.com/watch?v=MHe54g4Ya80,,Marco Antonio Sol√≠s,
47,I Survived The Arctic With Only 1 Match,https://www.youtube.com/watch?v=5ygduSAv0_c,,Airrack,Only 158 spots left in CreatorNow! Make 2022 your year on Youtube! https://airrack.fun/creatornow Follow on IG for a new iPhone!üëá INSTAGRAM ‚ñ∂Ô∏è https://urlgeni.us/instagram/jBHg In...
48,Dylan Hollis - PEPPERMINT PATTIES | 1946,https://www.youtube.com/shorts/YLuRFeBZF2o,,B. Dylan Hollis,"Pepperminty perfection, in your kitchen! Thank you 1940's. My TikTok: @bdylanhollis #Shorts"
49,Baggage: The Most Unhinged Dating Show Of All Time,https://www.youtube.com/watch?v=sGz15F-_uaw,,Kurtis Conner,"Sign up for Current using code ""KURTISHOLIDAY"" for your chance to win $500! https://www.current.com/kurtisholiday Do you remember ""Baggage""? If you don't, you are in for a treat. Weird show!..."
50,Gucci Mane - Long Live Dolph [Music Video],https://www.youtube.com/watch?v=aQXV92_1UwM,,Gucci Mane,"Gucci Mane - Long Live Dolph ""So Icy Christmas"" ü•∂ Out Now! Download/Stream: https://thenew1017.lnk.to/SoIcyChristmas Subscribe for more official content from Gucci Mane: https://Atlantic.lnk.t..."
51,Marvel Studios' Doctor Strange in the Multiverse of Madness | Official Teaser,https://www.youtube.com/watch?v=Rt_UqUm38BI,,Marvel Entertainment,"‚ÄúThe Multiverse is a concept about which we know frighteningly little."" Watch the official teaser for Marvel Studios' Doctor Strange in the Multiverse of Madness. Only in theaters May 6...."
52,Five Nights at Freddy's: Security Breach - Part 1,https://www.youtube.com/watch?v=ClQ-ymoXJZc,,Markiplier,Security Breach is HERE!! What horrors lurk in an official free roam Five Nights at Freddy's game? My Comfiest Clothes Yet ‚ñ∫ https://cloakbrand.com/ LISTEN TO DISTRACTIBLE ‚ñ∫‚ñ∫ https://podlink....
53,I Almost Became An Amputee,https://www.youtube.com/watch?v=wG1Q1ouemVA,,Technoblade,Technoblade Makes Cancer 1000% Funnier BUY MY MERCHANDISE: https://technoblade.com/ -------------------------------- become a CHANNEL MEMBER here: https://www.youtube.com/channel/UCFAiFyGs6oDiF1Nf-...
54,Lil Durk - Broadway Girls feat. Morgan Wallen - (Official Music Video),https://www.youtube.com/watch?v=2CNl_CCtE-I,,Lil Durk,"#LilDurk #MorganWallen #BroadwayGirls Lil Durk - Broadway Girls feat. Morgan Wallen Stream ""Broadway Girls"": https://smarturl.it/broadwaygirls Follow Lil Durk: https://instagram.com/lildurk..."
55,"Extreme $1,000,000 Hide And Seek",https://www.youtube.com/watch?v=00NgUctWoLQ,,MrBeast,I didn't expect that to happen at the end I was so confused haha ‚ïî‚ïê‚ï¶‚ïó‚ïî‚ï¶‚ïó‚ïî‚ïê‚ï¶‚ïê‚ï¶‚ï¶‚ï¶‚ï¶‚ïó‚ïî‚ïê‚ïó ‚ïë‚ïö‚ï£‚ïë‚ïë‚ïë‚ïö‚ï£‚ïö‚ï£‚ïî‚ï£‚ïî‚ï£‚ïë‚ïö‚ï£‚ïê‚ï£ ‚ï†‚ïó‚ïë‚ïö...
56,How Is He So Good At This? üòÇüîä #shorts,https://www.youtube.com/shorts/ZnvTXxB0TLU,,Woody & Kleiny,
57,NBA Youngboy - Emo Rockstar,https://www.youtube.com/watch?v=e14yTAdhTdY,,YoungBoy Never Broke Again,"YoungBoy Never Broke Again ‚Äì ‚ÄòSincerely, Kentrell‚Äô OUT NOW: https://youngboy.lnk.to/SincerelyKentrellID Subscribe for more official content from YoungBoy NBA: https://youngboy.lnk.to/Sub..."
58,10 vs 1000 Player Manhunt!,https://www.youtube.com/watch?v=rdsXcS4guLQ,,MrBeast Gaming,Holiday Deal! Go to https://NordVPN.com/mrbeastgaming and use code MRBEASTGAMING to get a 2-year plan plus 1 additional month with a huge discount. SUBSCRIBE OR YOU'LL HAVE BAD LUCK New...
59,Jake Paul Scores Insane KO of Tyron Woodley In Round 6 | SHOWTIME PPV,https://www.youtube.com/watch?v=1xzYLkxjdag,,SHOWTIME Sports,International superstar Jake ‚ÄúThe Problem Child‚Äù Paul left no doubt in his rematch with former MMA champ Tyron Woodley scoring an insane KO of Woodley in round 6. #ShowtimePPV #JakePaul...
60,Running Away From Home CHRISTMAS EDITION,https://www.youtube.com/shorts/NHucQhzCRKY,,Amyy Woahh,
61,Gordon Ramsay Returns for the Hot Ones Holiday Extravaganza | Hot Ones,https://www.youtube.com/watch?v=GJlNvSC5v6s,,First We Feast,"Happy holidays, Spice Lords! To say thank you to the fans and help raise money for our charity partner, Common Threads, the First We Feast team has been hard at work to bring you this special..."
62,"Upchurch ft. @Chase Matthew ""Broadway Girls"" REMIX (OFFICIAL MUSIC VIDEO)",https://www.youtube.com/watch?v=lc_pVoYUzYQ,,Ryan Upchurch,GET MUSIC NOW AT: SHOP RHEC GEAR at http://www.RHECGEAR.com MUSIC- http://www.ryanupchurch.com FOLLOW UPCHURCH AT: https://www.facebook.com/OfficialRyan... http://www.instagram.com/cheathamc...
63,AMP LOVE AND SLAMBALL,https://www.youtube.com/watch?v=nbHVE3doip4,,AMP,GET NEW AMP APPAREL HERE: https://amp.shop/ Join this channel to get access to perks: https://www.youtube.com/channel/UCJbYdyufHR-cxOuY96KIoqA/join AMP AMP AMP AMP üíú Join the AMP SQUAD...
64,Nardwuar vs. J. Cole (2021),https://www.youtube.com/watch?v=GxVXEd_G_60,,NardwuarServiette,"Nardwuar interviews J. Cole on December 9, 2021 in Santa Monica, CA USA ! Doot doo ! https://www.twitch.tv/nardwuarserviette Nardwuar Twitter: http://www.twitter.com/nardwuar Nardwuar..."
65,When u ask for extra cheese üòÇ,https://www.youtube.com/shorts/ti-EppKRtJs,,Adam W,"Subscribe Here for new #shorts: https://www.youtube.com/channel/UC_k6... THANKS FOR WATCHING!! LIKE, COMMENT, AND SUBSCRIBE FOR MORE VIDS! --------------------------------------------------------..."
66,James Webb Space Telescope Launch ‚Äî Official NASA Broadcast,https://www.youtube.com/watch?v=7nT7JGZMbtM,,NASA,"Watch the launch of the James Webb Space Telescope‚Äîthe most powerful space telescope ever made. This mission launched at 7:20 a.m. EST (12:20 UTC), Dec. 25, 2021, aboard an Ariane 5 rocket..."
67,World's Largest T-Shirt Cannon (breaks the roof),https://www.youtube.com/watch?v=QiKZYt9070U,,Mark Rober,I was challenged to build a T-Shirt cannon. I accepted the challenge. Check out http://shopify.com/markrober and get a 14 day free trial!
68,so Snoop Dogg sent me this..,https://www.youtube.com/shorts/AoDtj4uZbR4,,Davie504,#shorts
69,Exploding Christmas Presents | OT 32,https://www.youtube.com/watch?v=YJljg4t-LGI,,Dude Perfect,CHRISTMAS OVERTIME! Making homemade toys! Horrible Presents & a new Christmas song! Thanks to SoFi for sponsoring this video! Click here to download the app & enter to win a trip for you +...
70,Sound Effecting Mom For ChristmasüéÑüìØ,https://www.youtube.com/shorts/SB9V9gnHGtA,,Peet Montzingo,rip christmas lmao #shorts
71,"Jessica Darrow - Surface Pressure (From ""Encanto"")",https://www.youtube.com/watch?v=tQwVKr8rCYw,,DisneyMusicVEVO,"See Disney‚Äôs Encanto now streaming on Disney+ üïØÔ∏è‚ú®ü¶ã Walt Disney Animation Studios‚Äô ‚ÄúEncanto‚Äù tells the tale of an extraordinary family, the Madrigals, who live hidden in the..."
72,"THE SIMPSONS, BAD BUNNY - TE DESEO LO MEJOR (Official Video)",https://www.youtube.com/watch?v=m3xFuFPxOnw,,Bad Bunny,"THE SIMPSONS, BAD BUNNY -TE DESEO LO MEJOR Trilogy Box Set - https://www.badbunnytrilogy.com/ https://elultimotourdelmundo.com/ Merch: https://shop.elultimotourdelmundo.com/ Subscribe to..."
73,FNAF Security Breach ALL ENDINGS & ALL POST-CREDIT SCENES (Five Nights at Freddy's: Security Breach),https://www.youtube.com/watch?v=XlKzinD4lYc,,BabyZone,"FNAF Security Breach ALL ENDINGS & ALL POST-CREDIT SCENES (Five Nights at Freddy's: Security Breach). Good Ending, Bad Ending, True Ending, Best Ending, Worst Ending, Secret Ending 0:00 RoofTop..."
74,MY MOST VIEWED TIKTOK OF 2021: KOREAN MOM TRIES MARIE-WANA üòÇüòÇ #truestory,https://www.youtube.com/shorts/Yt9A0YT0SK4,,Jeenie.Weenie,Thank you for all the laughs in 2021!!! Looking forward to 2022 with all of you ‚ù§Ô∏è‚ù§Ô∏è
75,TWIN NURSERY MAKEOVER!,https://www.youtube.com/watch?v=Pxo2ogHCFkk,,Colleen Ballinger,Watch the video of Flynns Truck bedroom makeover! https://youtu.be/vH1BaTx69No Subscribe to Drew and Linda! - https://www.youtube.com/channel/UCAfJ5ZKZMyhGjK0w7FEDsfA Follow them on Socials!...
76,Turning $0.01 Into a House in 1 Week - Day 2,https://www.youtube.com/watch?v=Ge96ORjwsic,,Ryan Trahan,penny ‚Üí truck??? plz plz plz sign up for shopify ‚Üí https://shopify.com/ryantrahan
77,EXPLODING Glitter Bomb 4.0 vs. Package Thieves,https://www.youtube.com/watch?v=3c584TGG7jQ,,Mark Rober,"Merry Christmas ya filthy animals. If you want to learn the design fundamentals it takes to make something like the Glitter Bomb, enroll in my Creative Engineering course at https://Monthly.com/Mar..."
78,we broke up,https://www.youtube.com/watch?v=NYku77W0LlI,,Louie's Life,
79,Rauw Alejandro - Hunter (Video Oficial),https://www.youtube.com/watch?v=1246blVYb4c,,RauwAlejandroTv,Rauw Alejandro Hunter (Video Oficial) Suscr√≠bete al canal: https://goo.gl/Cqxmma Sigue a Rauw: Instagram: https://www.instagram.com/rauwalejandro Facebook: https://www.facebook.com/rauwalejandro...
80,I GOT MY BOYFRIEND THE BEST CHRISTMAS PRESENT EVER!! **HELLCAT REDEYE**,https://www.youtube.com/watch?v=LQyK1pHQhqA,,GnB Vids,"Hope you guys enjoyed the video! ‚ù§Ô∏è Merry Christmas to everyone, we love you all so so much!! Comment down below if you guys are G or B Team! Also Subscribe if you're new! Give this video..."
81,THE CRAZIEST FAMILY CHRISTMAS GIFTS OPENING EVER!!,https://www.youtube.com/watch?v=NCvnC5GhSdA,,FaZe Rug,"MERRY CHRISTMAS FROM MY FAMILY TO YOU! I hope you all have an amazing & blessed Christmas, and if you don't celebrate Christmas, hope you're having a great day! üî¥ SUBSCRIBE FOR LIT VIDEOS..."
82,THE NORTHMAN - Official Trailer - In Theaters April 22,https://www.youtube.com/watch?v=oMSdFM12hOw,,Focus Features,"From visionary director Robert Eggers comes THE NORTHMAN, an action-filled epic that follows a young Viking prince on his quest to avenge his father‚Äôs murder. With an all-star cast that includes..."
83,"Bobby Shmurda - Shmoney (Official Music Video) ft. Quavo, Rowdy Rebel",https://www.youtube.com/watch?v=C2gSvt0LNSs,,Bobby Shmurda,"Bobby Shmurda feat. Quavo & Rowdy Rebel - Shmoney (Official Music Video) ""Shmoney"" available at: https://BobbyShmurda.lnk.to/Shmoney Follow Bobby Shmurda: Instagram: https://www.instagram.com/it..."
84,SNOWDAY | A Clashmas Story ‚ùÑÔ∏è,https://www.youtube.com/watch?v=-mQ8vp-LchA,,Clash of Clans,All snowed in and nowhere to battle! Follow us on our Socials! Twitter ‚ñ∫ https://twitter.com/ClashofClans/ Instagram ‚ñ∫https://www.instagram.com/clashofclans Facebook ‚ñ∫https://www.facebook...
85,The Most Powerful Computers You've Never Heard Of,https://www.youtube.com/watch?v=IgF3OX8nT0w,,Veritasium,"Analog computers were the most powerful computers for thousands of years, relegated to obscurity by the digital revolution. This video is sponsored by Brilliant. The first 200 people to sign..."
86,Becoming a good person speedrun (13.31 seconds),https://www.youtube.com/shorts/FpEnlaGbGFU,,I am MoBo,It's Christmas and you need to be good to get presents. So this is what you do. Subscribe and like for more skits #shorts All My Links: https://linktr.ee/mobowl Socials: Tiktok: https://www.tikt...
87,Living 24 Hours On a Private Jet,https://www.youtube.com/watch?v=E7aAaYAhSXk,,Preston,Living 24 Hours On a Private Jet with Preston üëä üëï MERCH - http://www.firemerch.com ‚ù§Ô∏è FRIENDS! ü°Ü ZHC - https://bit.ly/3jOmlic ü°Ü Ben Azelart - https://bit.ly/36W19S3 ü°Ü...
88,Lil Durk - Broadway Girls ft Morgan Wallen (Official Audio),https://www.youtube.com/watch?v=Kpz4Ro5iD1Q,,Lil Durk,#LilDurk #MorganWallen #BroadwayGirls Stream Broadway Girls Ft Morgan Wallen: https://smarturl.it/broadwaygirls Follow Lil Durk: https://instagram.com/lildurk https://twitter.com/lildurk...
89,Dylan Hollis - PEPPERMINT PATTIES | 1946,https://www.youtube.com/shorts/YLuRFeBZF2o,,B. Dylan Hollis,"Pepperminty perfection, in your kitchen! Thank you 1940's. My TikTok: @bdylanhollis #Shorts"
90,FNAF Security Breach speedruns are incredibly broken,https://www.youtube.com/watch?v=NtEXmQtci6Q,,EazySpeezy,"FNAF Security Breach a fun game, but it's also very broken. There are tons of glitches which allows you to beat the entire game in under 15 minutes. This makes speedrunning Security Breach..."
91,"Tom Holland, Zendaya & Jacob Batalon Answer MORE of the Web's Most Searched Questions | WIRED",https://www.youtube.com/watch?v=iuOYz8zt9J4,,WIRED,"Spider-Man: No Way Home stars Tom Holland, Zendaya and Jacob Batalon are BACK to once again answer the web's (get it) most searched questions about Spider-Man and themselves. What color eyes..."
92,I Survived The Arctic With Only 1 Match,https://www.youtube.com/watch?v=5ygduSAv0_c,,Airrack,Only 158 spots left in CreatorNow! Make 2022 your year on Youtube! https://airrack.fun/creatornow Follow on IG for a new iPhone!üëá INSTAGRAM ‚ñ∂Ô∏è https://urlgeni.us/instagram/jBHg In...
93,"The Duchess of Cambridge & Tom Walker - 'For Those Who Can't Be Here' @ Westminster Abbey, 2021",https://www.youtube.com/watch?v=yw95R0Vl4_c,,The Duke and Duchess of Cambridge,Watch The Duchess of Cambridge and Tom Walker perform 'For Those Who Can't Be Here' at Westminster Abbey for Royal Carols: Together At Christmas. The performance took place in The Chapter...
94,Minecraft But I Have VIDEO GAME Hearts!,https://www.youtube.com/watch?v=bqZkpjtxArU,,PrestonPlayz,Minecraft But I Have VIDEO GAME Hearts! with PrestonPlayz üëä üëï MERCH - http://www.firemerch.com üëÄ FOLLOW ME HERE! ü°Ü TikTok - https://www.tiktok.com/@preston ü°Ü Instagram - https://i...
95,Saitama VS Popeye (One-Punch Man VS Thimble Theatre) | DEATH BATTLE!,https://www.youtube.com/watch?v=7UhguuEX9Tg,,DEATH BATTLE!,"The strongmen of animation in the most epic bout of all time! Go to http://betterhelp.com/DEATHBATTLE to get 10% off your first month! Get the MUSIC: - ‚ÄúWiz & Boomstick"" - Death Battle..."
96,The Banks Family Christmas!,https://www.youtube.com/watch?v=4LbP500OIe0,,Desi Banks,"Desi Banks Presents a short film around his characters for this great Christmas holiday! Merry Christmas from BSimone Reginae Carter, Candace B Harris, Desi Banks, Alton Walker, Shuler King!..."
97,"$1,000,000 Influencer Tournament!",https://www.youtube.com/watch?v=x9TQ6culXIA,,MrBeast,That was so close at the end I can't believe that happened! ‚ïî‚ïê‚ï¶‚ïó‚ïî‚ï¶‚ïó‚ïî‚ïê‚ï¶‚ïê‚ï¶‚ï¶‚ï¶‚ï¶‚ïó‚ïî‚ïê‚ïó ‚ïë‚ïö‚ï£‚ïë‚ïë‚ïë‚ïö‚ï£‚ïö‚ï£‚ïî‚ï£‚ïî‚ï£‚ïë‚ïö‚ï£‚ïê‚ï£ ‚ï†‚ïó‚ïë‚ïö‚ïù‚ïë...
